rule_key,module,family,language,title,severity,finding_kind,source_of_truth,pack_display_name,bootstrap_resource,active
guardian.1password-secret-key,guardian,1password-secret-key,,1password Secret Key,CRITICAL,SECRET,runtime-db:rule_definitions@active rule_pack_versions,Guardian Secret Detection,classpath:rules/guardian.yml,true
guardian.1password-service-account-token,guardian,1password-service-account-token,,1password Service Account Token,HIGH,SECRET,runtime-db:rule_definitions@active rule_pack_versions,Guardian Secret Detection,classpath:rules/guardian.yml,true
guardian.adafruit-api-key,guardian,adafruit-api-key,,Adafruit API Key,HIGH,SECRET,runtime-db:rule_definitions@active rule_pack_versions,Guardian Secret Detection,classpath:rules/guardian.yml,true
guardian.adobe-client-id,guardian,adobe-client-id,,Adobe Client ID,HIGH,SECRET,runtime-db:rule_definitions@active rule_pack_versions,Guardian Secret Detection,classpath:rules/guardian.yml,true
guardian.adobe-client-secret,guardian,adobe-client-secret,,Adobe Client Secret,HIGH,SECRET,runtime-db:rule_definitions@active rule_pack_versions,Guardian Secret Detection,classpath:rules/guardian.yml,true
guardian.age-secret-key,guardian,age-secret-key,,Age Secret Key,CRITICAL,SECRET,runtime-db:rule_definitions@active rule_pack_versions,Guardian Secret Detection,classpath:rules/guardian.yml,true
guardian.airtable-api-key,guardian,airtable-api-key,,Airtable API Key,HIGH,SECRET,runtime-db:rule_definitions@active rule_pack_versions,Guardian Secret Detection,classpath:rules/guardian.yml,true
guardian.airtable-personnal-access-token,guardian,airtable-personnal-access-token,,Airtable Personnal Access Token,HIGH,SECRET,runtime-db:rule_definitions@active rule_pack_versions,Guardian Secret Detection,classpath:rules/guardian.yml,true
guardian.algolia-api-key,guardian,algolia-api-key,,Algolia API Key,HIGH,SECRET,runtime-db:rule_definitions@active rule_pack_versions,Guardian Secret Detection,classpath:rules/guardian.yml,true
guardian.alibaba-access-key-id,guardian,alibaba-access-key-id,,Alibaba Access Key ID,HIGH,SECRET,runtime-db:rule_definitions@active rule_pack_versions,Guardian Secret Detection,classpath:rules/guardian.yml,true
guardian.alibaba-secret-key,guardian,alibaba-secret-key,,Alibaba Secret Key,CRITICAL,SECRET,runtime-db:rule_definitions@active rule_pack_versions,Guardian Secret Detection,classpath:rules/guardian.yml,true
guardian.anthropic-admin-api-key,guardian,anthropic-admin-api-key,,Anthropic Admin API Key,HIGH,SECRET,runtime-db:rule_definitions@active rule_pack_versions,Guardian Secret Detection,classpath:rules/guardian.yml,true
guardian.anthropic-api-key,guardian,anthropic-api-key,,Anthropic API Key,HIGH,SECRET,runtime-db:rule_definitions@active rule_pack_versions,Guardian Secret Detection,classpath:rules/guardian.yml,true
guardian.artifactory-api-key,guardian,artifactory-api-key,,Artifactory API Key,HIGH,SECRET,runtime-db:rule_definitions@active rule_pack_versions,Guardian Secret Detection,classpath:rules/guardian.yml,true
guardian.artifactory-reference-token,guardian,artifactory-reference-token,,Artifactory Reference Token,HIGH,SECRET,runtime-db:rule_definitions@active rule_pack_versions,Guardian Secret Detection,classpath:rules/guardian.yml,true
guardian.asana-client-id,guardian,asana-client-id,,Asana Client ID,HIGH,SECRET,runtime-db:rule_definitions@active rule_pack_versions,Guardian Secret Detection,classpath:rules/guardian.yml,true
guardian.asana-client-secret,guardian,asana-client-secret,,Asana Client Secret,HIGH,SECRET,runtime-db:rule_definitions@active rule_pack_versions,Guardian Secret Detection,classpath:rules/guardian.yml,true
guardian.atlassian-api-token,guardian,atlassian-api-token,,Atlassian API Token,HIGH,SECRET,runtime-db:rule_definitions@active rule_pack_versions,Guardian Secret Detection,classpath:rules/guardian.yml,true
guardian.authress-service-client-access-key,guardian,authress-service-client-access-key,,Authress Service Client Access Key,HIGH,SECRET,runtime-db:rule_definitions@active rule_pack_versions,Guardian Secret Detection,classpath:rules/guardian.yml,true
guardian.aws-access-key,guardian,aws-access-key,,AWS Access Key ID,HIGH,SECRET,runtime-db:rule_definitions@active rule_pack_versions,Guardian Secret Detection,classpath:rules/guardian.yml,true
guardian.aws-access-token,guardian,aws-access-token,,AWS Access Token,HIGH,SECRET,runtime-db:rule_definitions@active rule_pack_versions,Guardian Secret Detection,classpath:rules/guardian.yml,true
guardian.aws-amazon-bedrock-api-key-long-lived,guardian,aws-amazon-bedrock-api-key-long-lived,,AWS Amazon Bedrock API Key Long Lived,HIGH,SECRET,runtime-db:rule_definitions@active rule_pack_versions,Guardian Secret Detection,classpath:rules/guardian.yml,true
guardian.aws-amazon-bedrock-api-key-short-lived,guardian,aws-amazon-bedrock-api-key-short-lived,,AWS Amazon Bedrock API Key Short Lived,HIGH,SECRET,runtime-db:rule_definitions@active rule_pack_versions,Guardian Secret Detection,classpath:rules/guardian.yml,true
guardian.aws-secret-key,guardian,aws-secret-key,,AWS Secret Access Key,HIGH,SECRET,runtime-db:rule_definitions@active rule_pack_versions,Guardian Secret Detection,classpath:rules/guardian.yml,true
guardian.azure-ad-client-secret,guardian,azure-ad-client-secret,,Azure Ad Client Secret,HIGH,SECRET,runtime-db:rule_definitions@active rule_pack_versions,Guardian Secret Detection,classpath:rules/guardian.yml,true
guardian.beamer-api-token,guardian,beamer-api-token,,Beamer API Token,HIGH,SECRET,runtime-db:rule_definitions@active rule_pack_versions,Guardian Secret Detection,classpath:rules/guardian.yml,true
guardian.bitbucket-client-id,guardian,bitbucket-client-id,,Bitbucket Client ID,HIGH,SECRET,runtime-db:rule_definitions@active rule_pack_versions,Guardian Secret Detection,classpath:rules/guardian.yml,true
guardian.bitbucket-client-secret,guardian,bitbucket-client-secret,,Bitbucket Client Secret,HIGH,SECRET,runtime-db:rule_definitions@active rule_pack_versions,Guardian Secret Detection,classpath:rules/guardian.yml,true
guardian.bittrex-access-key,guardian,bittrex-access-key,,Bittrex Access Key,HIGH,SECRET,runtime-db:rule_definitions@active rule_pack_versions,Guardian Secret Detection,classpath:rules/guardian.yml,true
guardian.bittrex-secret-key,guardian,bittrex-secret-key,,Bittrex Secret Key,CRITICAL,SECRET,runtime-db:rule_definitions@active rule_pack_versions,Guardian Secret Detection,classpath:rules/guardian.yml,true
guardian.cisco-meraki-api-key,guardian,cisco-meraki-api-key,,Cisco Meraki API Key,HIGH,SECRET,runtime-db:rule_definitions@active rule_pack_versions,Guardian Secret Detection,classpath:rules/guardian.yml,true
guardian.clickhouse-cloud-api-secret-key,guardian,clickhouse-cloud-api-secret-key,,Clickhouse Cloud API Secret Key,CRITICAL,SECRET,runtime-db:rule_definitions@active rule_pack_versions,Guardian Secret Detection,classpath:rules/guardian.yml,true
guardian.clojars-api-token,guardian,clojars-api-token,,Clojars API Token,HIGH,SECRET,runtime-db:rule_definitions@active rule_pack_versions,Guardian Secret Detection,classpath:rules/guardian.yml,true
guardian.cloudflare-api-key,guardian,cloudflare-api-key,,Cloudflare API Key,HIGH,SECRET,runtime-db:rule_definitions@active rule_pack_versions,Guardian Secret Detection,classpath:rules/guardian.yml,true
guardian.cloudflare-global-api-key,guardian,cloudflare-global-api-key,,Cloudflare Global API Key,HIGH,SECRET,runtime-db:rule_definitions@active rule_pack_versions,Guardian Secret Detection,classpath:rules/guardian.yml,true
guardian.cloudflare-origin-ca-key,guardian,cloudflare-origin-ca-key,,Cloudflare Origin Ca Key,HIGH,SECRET,runtime-db:rule_definitions@active rule_pack_versions,Guardian Secret Detection,classpath:rules/guardian.yml,true
guardian.codecov-access-token,guardian,codecov-access-token,,Codecov Access Token,HIGH,SECRET,runtime-db:rule_definitions@active rule_pack_versions,Guardian Secret Detection,classpath:rules/guardian.yml,true
guardian.cohere-api-token,guardian,cohere-api-token,,Cohere API Token,HIGH,SECRET,runtime-db:rule_definitions@active rule_pack_versions,Guardian Secret Detection,classpath:rules/guardian.yml,true
guardian.coinbase-access-token,guardian,coinbase-access-token,,Coinbase Access Token,HIGH,SECRET,runtime-db:rule_definitions@active rule_pack_versions,Guardian Secret Detection,classpath:rules/guardian.yml,true
guardian.confluent-access-token,guardian,confluent-access-token,,Confluent Access Token,HIGH,SECRET,runtime-db:rule_definitions@active rule_pack_versions,Guardian Secret Detection,classpath:rules/guardian.yml,true
guardian.confluent-secret-key,guardian,confluent-secret-key,,Confluent Secret Key,CRITICAL,SECRET,runtime-db:rule_definitions@active rule_pack_versions,Guardian Secret Detection,classpath:rules/guardian.yml,true
guardian.contentful-delivery-api-token,guardian,contentful-delivery-api-token,,Contentful Delivery API Token,HIGH,SECRET,runtime-db:rule_definitions@active rule_pack_versions,Guardian Secret Detection,classpath:rules/guardian.yml,true
guardian.curl-auth-header,guardian,curl-auth-header,,Curl Auth Header,HIGH,SECRET,runtime-db:rule_definitions@active rule_pack_versions,Guardian Secret Detection,classpath:rules/guardian.yml,true
guardian.curl-auth-user,guardian,curl-auth-user,,Curl Auth User,HIGH,SECRET,runtime-db:rule_definitions@active rule_pack_versions,Guardian Secret Detection,classpath:rules/guardian.yml,true
guardian.databricks-api-token,guardian,databricks-api-token,,Databricks API Token,HIGH,SECRET,runtime-db:rule_definitions@active rule_pack_versions,Guardian Secret Detection,classpath:rules/guardian.yml,true
guardian.datadog-access-token,guardian,datadog-access-token,,Datadog Access Token,HIGH,SECRET,runtime-db:rule_definitions@active rule_pack_versions,Guardian Secret Detection,classpath:rules/guardian.yml,true
guardian.defined-networking-api-token,guardian,defined-networking-api-token,,Defined Networking API Token,HIGH,SECRET,runtime-db:rule_definitions@active rule_pack_versions,Guardian Secret Detection,classpath:rules/guardian.yml,true
guardian.digitalocean-access-token,guardian,digitalocean-access-token,,Digitalocean Access Token,HIGH,SECRET,runtime-db:rule_definitions@active rule_pack_versions,Guardian Secret Detection,classpath:rules/guardian.yml,true
guardian.digitalocean-pat,guardian,digitalocean-pat,,Digitalocean Pat,HIGH,SECRET,runtime-db:rule_definitions@active rule_pack_versions,Guardian Secret Detection,classpath:rules/guardian.yml,true
guardian.digitalocean-refresh-token,guardian,digitalocean-refresh-token,,Digitalocean Refresh Token,HIGH,SECRET,runtime-db:rule_definitions@active rule_pack_versions,Guardian Secret Detection,classpath:rules/guardian.yml,true
guardian.discord-api-token,guardian,discord-api-token,,Discord API Token,HIGH,SECRET,runtime-db:rule_definitions@active rule_pack_versions,Guardian Secret Detection,classpath:rules/guardian.yml,true
guardian.discord-client-id,guardian,discord-client-id,,Discord Client ID,HIGH,SECRET,runtime-db:rule_definitions@active rule_pack_versions,Guardian Secret Detection,classpath:rules/guardian.yml,true
guardian.discord-client-secret,guardian,discord-client-secret,,Discord Client Secret,HIGH,SECRET,runtime-db:rule_definitions@active rule_pack_versions,Guardian Secret Detection,classpath:rules/guardian.yml,true
guardian.doppler-api-token,guardian,doppler-api-token,,Doppler API Token,HIGH,SECRET,runtime-db:rule_definitions@active rule_pack_versions,Guardian Secret Detection,classpath:rules/guardian.yml,true
guardian.droneci-access-token,guardian,droneci-access-token,,Droneci Access Token,HIGH,SECRET,runtime-db:rule_definitions@active rule_pack_versions,Guardian Secret Detection,classpath:rules/guardian.yml,true
guardian.dropbox-api-token,guardian,dropbox-api-token,,Dropbox API Token,HIGH,SECRET,runtime-db:rule_definitions@active rule_pack_versions,Guardian Secret Detection,classpath:rules/guardian.yml,true
guardian.dropbox-long-lived-api-token,guardian,dropbox-long-lived-api-token,,Dropbox Long Lived API Token,HIGH,SECRET,runtime-db:rule_definitions@active rule_pack_versions,Guardian Secret Detection,classpath:rules/guardian.yml,true
guardian.dropbox-short-lived-api-token,guardian,dropbox-short-lived-api-token,,Dropbox Short Lived API Token,HIGH,SECRET,runtime-db:rule_definitions@active rule_pack_versions,Guardian Secret Detection,classpath:rules/guardian.yml,true
guardian.duffel-api-token,guardian,duffel-api-token,,Duffel API Token,HIGH,SECRET,runtime-db:rule_definitions@active rule_pack_versions,Guardian Secret Detection,classpath:rules/guardian.yml,true
guardian.dynatrace-api-token,guardian,dynatrace-api-token,,Dynatrace API Token,HIGH,SECRET,runtime-db:rule_definitions@active rule_pack_versions,Guardian Secret Detection,classpath:rules/guardian.yml,true
guardian.easypost-api-token,guardian,easypost-api-token,,Easypost API Token,HIGH,SECRET,runtime-db:rule_definitions@active rule_pack_versions,Guardian Secret Detection,classpath:rules/guardian.yml,true
guardian.easypost-test-api-token,guardian,easypost-test-api-token,,Easypost Test API Token,HIGH,SECRET,runtime-db:rule_definitions@active rule_pack_versions,Guardian Secret Detection,classpath:rules/guardian.yml,true
guardian.etsy-access-token,guardian,etsy-access-token,,Etsy Access Token,HIGH,SECRET,runtime-db:rule_definitions@active rule_pack_versions,Guardian Secret Detection,classpath:rules/guardian.yml,true
guardian.facebook-access-token,guardian,facebook-access-token,,Facebook Access Token,HIGH,SECRET,runtime-db:rule_definitions@active rule_pack_versions,Guardian Secret Detection,classpath:rules/guardian.yml,true
guardian.facebook-page-access-token,guardian,facebook-page-access-token,,Facebook Page Access Token,HIGH,SECRET,runtime-db:rule_definitions@active rule_pack_versions,Guardian Secret Detection,classpath:rules/guardian.yml,true
guardian.facebook-secret,guardian,facebook-secret,,Facebook Secret,HIGH,SECRET,runtime-db:rule_definitions@active rule_pack_versions,Guardian Secret Detection,classpath:rules/guardian.yml,true
guardian.fastly-api-token,guardian,fastly-api-token,,Fastly API Token,HIGH,SECRET,runtime-db:rule_definitions@active rule_pack_versions,Guardian Secret Detection,classpath:rules/guardian.yml,true
guardian.finicity-api-token,guardian,finicity-api-token,,Finicity API Token,HIGH,SECRET,runtime-db:rule_definitions@active rule_pack_versions,Guardian Secret Detection,classpath:rules/guardian.yml,true
guardian.finicity-client-secret,guardian,finicity-client-secret,,Finicity Client Secret,HIGH,SECRET,runtime-db:rule_definitions@active rule_pack_versions,Guardian Secret Detection,classpath:rules/guardian.yml,true
guardian.finnhub-access-token,guardian,finnhub-access-token,,Finnhub Access Token,HIGH,SECRET,runtime-db:rule_definitions@active rule_pack_versions,Guardian Secret Detection,classpath:rules/guardian.yml,true
guardian.flickr-access-token,guardian,flickr-access-token,,Flickr Access Token,HIGH,SECRET,runtime-db:rule_definitions@active rule_pack_versions,Guardian Secret Detection,classpath:rules/guardian.yml,true
guardian.flutterwave-encryption-key,guardian,flutterwave-encryption-key,,Flutterwave Encryption Key,HIGH,SECRET,runtime-db:rule_definitions@active rule_pack_versions,Guardian Secret Detection,classpath:rules/guardian.yml,true
guardian.flutterwave-public-key,guardian,flutterwave-public-key,,Flutterwave Public Key,HIGH,SECRET,runtime-db:rule_definitions@active rule_pack_versions,Guardian Secret Detection,classpath:rules/guardian.yml,true
guardian.flutterwave-secret-key,guardian,flutterwave-secret-key,,Flutterwave Secret Key,CRITICAL,SECRET,runtime-db:rule_definitions@active rule_pack_versions,Guardian Secret Detection,classpath:rules/guardian.yml,true
guardian.flyio-access-token,guardian,flyio-access-token,,Flyio Access Token,HIGH,SECRET,runtime-db:rule_definitions@active rule_pack_versions,Guardian Secret Detection,classpath:rules/guardian.yml,true
guardian.frameio-api-token,guardian,frameio-api-token,,Frameio API Token,HIGH,SECRET,runtime-db:rule_definitions@active rule_pack_versions,Guardian Secret Detection,classpath:rules/guardian.yml,true
guardian.freemius-secret-key,guardian,freemius-secret-key,,Freemius Secret Key,CRITICAL,SECRET,runtime-db:rule_definitions@active rule_pack_versions,Guardian Secret Detection,classpath:rules/guardian.yml,true
guardian.freshbooks-access-token,guardian,freshbooks-access-token,,Freshbooks Access Token,HIGH,SECRET,runtime-db:rule_definitions@active rule_pack_versions,Guardian Secret Detection,classpath:rules/guardian.yml,true
guardian.gcp-api-key,guardian,gcp-api-key,,GCP API Key,HIGH,SECRET,runtime-db:rule_definitions@active rule_pack_versions,Guardian Secret Detection,classpath:rules/guardian.yml,true
guardian.generic-api-key,guardian,generic-api-key,,Generic API Key,MEDIUM,SECRET,runtime-db:rule_definitions@active rule_pack_versions,Guardian Secret Detection,classpath:rules/guardian.yml,true
guardian.generic-secret,guardian,generic-secret,,Generic API Secret,MEDIUM,SECRET,runtime-db:rule_definitions@active rule_pack_versions,Guardian Secret Detection,classpath:rules/guardian.yml,true
guardian.github-app-token,guardian,github-app-token,,Github App Token,HIGH,SECRET,runtime-db:rule_definitions@active rule_pack_versions,Guardian Secret Detection,classpath:rules/guardian.yml,true
guardian.github-fine-grained-pat,guardian,github-fine-grained-pat,,Github Fine Grained Pat,HIGH,SECRET,runtime-db:rule_definitions@active rule_pack_versions,Guardian Secret Detection,classpath:rules/guardian.yml,true
guardian.github-oauth,guardian,github-oauth,,Github OAUTH,HIGH,SECRET,runtime-db:rule_definitions@active rule_pack_versions,Guardian Secret Detection,classpath:rules/guardian.yml,true
guardian.github-pat,guardian,github-pat,,Github Pat,HIGH,SECRET,runtime-db:rule_definitions@active rule_pack_versions,Guardian Secret Detection,classpath:rules/guardian.yml,true
guardian.github-refresh-token,guardian,github-refresh-token,,Github Refresh Token,HIGH,SECRET,runtime-db:rule_definitions@active rule_pack_versions,Guardian Secret Detection,classpath:rules/guardian.yml,true
guardian.gitlab-cicd-job-token,guardian,gitlab-cicd-job-token,,Gitlab Cicd Job Token,HIGH,SECRET,runtime-db:rule_definitions@active rule_pack_versions,Guardian Secret Detection,classpath:rules/guardian.yml,true
guardian.gitlab-deploy-token,guardian,gitlab-deploy-token,,Gitlab Deploy Token,HIGH,SECRET,runtime-db:rule_definitions@active rule_pack_versions,Guardian Secret Detection,classpath:rules/guardian.yml,true
guardian.gitlab-feature-flag-client-token,guardian,gitlab-feature-flag-client-token,,Gitlab Feature Flag Client Token,HIGH,SECRET,runtime-db:rule_definitions@active rule_pack_versions,Guardian Secret Detection,classpath:rules/guardian.yml,true
guardian.gitlab-feed-token,guardian,gitlab-feed-token,,Gitlab Feed Token,HIGH,SECRET,runtime-db:rule_definitions@active rule_pack_versions,Guardian Secret Detection,classpath:rules/guardian.yml,true
guardian.gitlab-incoming-mail-token,guardian,gitlab-incoming-mail-token,,Gitlab Incoming Mail Token,HIGH,SECRET,runtime-db:rule_definitions@active rule_pack_versions,Guardian Secret Detection,classpath:rules/guardian.yml,true
guardian.gitlab-kubernetes-agent-token,guardian,gitlab-kubernetes-agent-token,,Gitlab Kubernetes Agent Token,HIGH,SECRET,runtime-db:rule_definitions@active rule_pack_versions,Guardian Secret Detection,classpath:rules/guardian.yml,true
guardian.gitlab-oauth-app-secret,guardian,gitlab-oauth-app-secret,,Gitlab OAUTH App Secret,HIGH,SECRET,runtime-db:rule_definitions@active rule_pack_versions,Guardian Secret Detection,classpath:rules/guardian.yml,true
guardian.gitlab-pat,guardian,gitlab-pat,,Gitlab Pat,HIGH,SECRET,runtime-db:rule_definitions@active rule_pack_versions,Guardian Secret Detection,classpath:rules/guardian.yml,true
guardian.gitlab-pat-routable,guardian,gitlab-pat-routable,,Gitlab Pat Routable,HIGH,SECRET,runtime-db:rule_definitions@active rule_pack_versions,Guardian Secret Detection,classpath:rules/guardian.yml,true
guardian.gitlab-ptt,guardian,gitlab-ptt,,Gitlab Ptt,HIGH,SECRET,runtime-db:rule_definitions@active rule_pack_versions,Guardian Secret Detection,classpath:rules/guardian.yml,true
guardian.gitlab-rrt,guardian,gitlab-rrt,,Gitlab Rrt,HIGH,SECRET,runtime-db:rule_definitions@active rule_pack_versions,Guardian Secret Detection,classpath:rules/guardian.yml,true
guardian.gitlab-runner-authentication-token,guardian,gitlab-runner-authentication-token,,Gitlab Runner Authentication Token,HIGH,SECRET,runtime-db:rule_definitions@active rule_pack_versions,Guardian Secret Detection,classpath:rules/guardian.yml,true
guardian.gitlab-runner-authentication-token-routable,guardian,gitlab-runner-authentication-token-routable,,Gitlab Runner Authentication Token Routable,HIGH,SECRET,runtime-db:rule_definitions@active rule_pack_versions,Guardian Secret Detection,classpath:rules/guardian.yml,true
guardian.gitlab-scim-token,guardian,gitlab-scim-token,,Gitlab Scim Token,HIGH,SECRET,runtime-db:rule_definitions@active rule_pack_versions,Guardian Secret Detection,classpath:rules/guardian.yml,true
guardian.gitlab-session-cookie,guardian,gitlab-session-cookie,,Gitlab Session Cookie,HIGH,SECRET,runtime-db:rule_definitions@active rule_pack_versions,Guardian Secret Detection,classpath:rules/guardian.yml,true
guardian.gitter-access-token,guardian,gitter-access-token,,Gitter Access Token,HIGH,SECRET,runtime-db:rule_definitions@active rule_pack_versions,Guardian Secret Detection,classpath:rules/guardian.yml,true
guardian.gocardless-api-token,guardian,gocardless-api-token,,Gocardless API Token,HIGH,SECRET,runtime-db:rule_definitions@active rule_pack_versions,Guardian Secret Detection,classpath:rules/guardian.yml,true
guardian.grafana-api-key,guardian,grafana-api-key,,Grafana API Key,HIGH,SECRET,runtime-db:rule_definitions@active rule_pack_versions,Guardian Secret Detection,classpath:rules/guardian.yml,true
guardian.grafana-cloud-api-token,guardian,grafana-cloud-api-token,,Grafana Cloud API Token,HIGH,SECRET,runtime-db:rule_definitions@active rule_pack_versions,Guardian Secret Detection,classpath:rules/guardian.yml,true
guardian.grafana-service-account-token,guardian,grafana-service-account-token,,Grafana Service Account Token,HIGH,SECRET,runtime-db:rule_definitions@active rule_pack_versions,Guardian Secret Detection,classpath:rules/guardian.yml,true
guardian.harness-api-key,guardian,harness-api-key,,Harness API Key,HIGH,SECRET,runtime-db:rule_definitions@active rule_pack_versions,Guardian Secret Detection,classpath:rules/guardian.yml,true
guardian.hashicorp-tf-api-token,guardian,hashicorp-tf-api-token,,Hashicorp Tf API Token,HIGH,SECRET,runtime-db:rule_definitions@active rule_pack_versions,Guardian Secret Detection,classpath:rules/guardian.yml,true
guardian.hashicorp-tf-password,guardian,hashicorp-tf-password,,Hashicorp Tf Password,HIGH,SECRET,runtime-db:rule_definitions@active rule_pack_versions,Guardian Secret Detection,classpath:rules/guardian.yml,true
guardian.heroku-api-key,guardian,heroku-api-key,,Heroku API Key,HIGH,SECRET,runtime-db:rule_definitions@active rule_pack_versions,Guardian Secret Detection,classpath:rules/guardian.yml,true
guardian.heroku-api-key-v2,guardian,heroku-api-key-v2,,Heroku API Key V2,HIGH,SECRET,runtime-db:rule_definitions@active rule_pack_versions,Guardian Secret Detection,classpath:rules/guardian.yml,true
guardian.hubspot-api-key,guardian,hubspot-api-key,,Hubspot API Key,HIGH,SECRET,runtime-db:rule_definitions@active rule_pack_versions,Guardian Secret Detection,classpath:rules/guardian.yml,true
guardian.huggingface-access-token,guardian,huggingface-access-token,,Huggingface Access Token,HIGH,SECRET,runtime-db:rule_definitions@active rule_pack_versions,Guardian Secret Detection,classpath:rules/guardian.yml,true
guardian.huggingface-organization-api-token,guardian,huggingface-organization-api-token,,Huggingface Organization API Token,HIGH,SECRET,runtime-db:rule_definitions@active rule_pack_versions,Guardian Secret Detection,classpath:rules/guardian.yml,true
guardian.infracost-api-token,guardian,infracost-api-token,,Infracost API Token,HIGH,SECRET,runtime-db:rule_definitions@active rule_pack_versions,Guardian Secret Detection,classpath:rules/guardian.yml,true
guardian.intercom-api-key,guardian,intercom-api-key,,Intercom API Key,HIGH,SECRET,runtime-db:rule_definitions@active rule_pack_versions,Guardian Secret Detection,classpath:rules/guardian.yml,true
guardian.intra42-client-secret,guardian,intra42-client-secret,,Intra42 Client Secret,HIGH,SECRET,runtime-db:rule_definitions@active rule_pack_versions,Guardian Secret Detection,classpath:rules/guardian.yml,true
guardian.jfrog-api-key,guardian,jfrog-api-key,,Jfrog API Key,HIGH,SECRET,runtime-db:rule_definitions@active rule_pack_versions,Guardian Secret Detection,classpath:rules/guardian.yml,true
guardian.jfrog-identity-token,guardian,jfrog-identity-token,,Jfrog Identity Token,HIGH,SECRET,runtime-db:rule_definitions@active rule_pack_versions,Guardian Secret Detection,classpath:rules/guardian.yml,true
guardian.jwt,guardian,jwt,,JWT,HIGH,SECRET,runtime-db:rule_definitions@active rule_pack_versions,Guardian Secret Detection,classpath:rules/guardian.yml,true
guardian.jwt-base64,guardian,jwt-base64,,JWT Base64,HIGH,SECRET,runtime-db:rule_definitions@active rule_pack_versions,Guardian Secret Detection,classpath:rules/guardian.yml,true
guardian.kraken-access-token,guardian,kraken-access-token,,Kraken Access Token,HIGH,SECRET,runtime-db:rule_definitions@active rule_pack_versions,Guardian Secret Detection,classpath:rules/guardian.yml,true
guardian.kubernetes-secret-yaml,guardian,kubernetes-secret-yaml,,Kubernetes Secret Yaml,HIGH,SECRET,runtime-db:rule_definitions@active rule_pack_versions,Guardian Secret Detection,classpath:rules/guardian.yml,true
guardian.kucoin-access-token,guardian,kucoin-access-token,,Kucoin Access Token,HIGH,SECRET,runtime-db:rule_definitions@active rule_pack_versions,Guardian Secret Detection,classpath:rules/guardian.yml,true
guardian.kucoin-secret-key,guardian,kucoin-secret-key,,Kucoin Secret Key,CRITICAL,SECRET,runtime-db:rule_definitions@active rule_pack_versions,Guardian Secret Detection,classpath:rules/guardian.yml,true
guardian.launchdarkly-access-token,guardian,launchdarkly-access-token,,Launchdarkly Access Token,HIGH,SECRET,runtime-db:rule_definitions@active rule_pack_versions,Guardian Secret Detection,classpath:rules/guardian.yml,true
guardian.linear-api-key,guardian,linear-api-key,,Linear API Key,HIGH,SECRET,runtime-db:rule_definitions@active rule_pack_versions,Guardian Secret Detection,classpath:rules/guardian.yml,true
guardian.linear-client-secret,guardian,linear-client-secret,,Linear Client Secret,HIGH,SECRET,runtime-db:rule_definitions@active rule_pack_versions,Guardian Secret Detection,classpath:rules/guardian.yml,true
guardian.linkedin-client-id,guardian,linkedin-client-id,,Linkedin Client ID,HIGH,SECRET,runtime-db:rule_definitions@active rule_pack_versions,Guardian Secret Detection,classpath:rules/guardian.yml,true
guardian.linkedin-client-secret,guardian,linkedin-client-secret,,Linkedin Client Secret,HIGH,SECRET,runtime-db:rule_definitions@active rule_pack_versions,Guardian Secret Detection,classpath:rules/guardian.yml,true
guardian.lob-api-key,guardian,lob-api-key,,Lob API Key,HIGH,SECRET,runtime-db:rule_definitions@active rule_pack_versions,Guardian Secret Detection,classpath:rules/guardian.yml,true
guardian.lob-pub-api-key,guardian,lob-pub-api-key,,Lob Pub API Key,HIGH,SECRET,runtime-db:rule_definitions@active rule_pack_versions,Guardian Secret Detection,classpath:rules/guardian.yml,true
guardian.looker-client-id,guardian,looker-client-id,,Looker Client ID,HIGH,SECRET,runtime-db:rule_definitions@active rule_pack_versions,Guardian Secret Detection,classpath:rules/guardian.yml,true
guardian.looker-client-secret,guardian,looker-client-secret,,Looker Client Secret,HIGH,SECRET,runtime-db:rule_definitions@active rule_pack_versions,Guardian Secret Detection,classpath:rules/guardian.yml,true
guardian.mailchimp-api-key,guardian,mailchimp-api-key,,Mailchimp API Key,HIGH,SECRET,runtime-db:rule_definitions@active rule_pack_versions,Guardian Secret Detection,classpath:rules/guardian.yml,true
guardian.mailgun-private-api-token,guardian,mailgun-private-api-token,,Mailgun Private API Token,HIGH,SECRET,runtime-db:rule_definitions@active rule_pack_versions,Guardian Secret Detection,classpath:rules/guardian.yml,true
guardian.mailgun-pub-key,guardian,mailgun-pub-key,,Mailgun Pub Key,HIGH,SECRET,runtime-db:rule_definitions@active rule_pack_versions,Guardian Secret Detection,classpath:rules/guardian.yml,true
guardian.mailgun-signing-key,guardian,mailgun-signing-key,,Mailgun Signing Key,HIGH,SECRET,runtime-db:rule_definitions@active rule_pack_versions,Guardian Secret Detection,classpath:rules/guardian.yml,true
guardian.mapbox-api-token,guardian,mapbox-api-token,,Mapbox API Token,HIGH,SECRET,runtime-db:rule_definitions@active rule_pack_versions,Guardian Secret Detection,classpath:rules/guardian.yml,true
guardian.mattermost-access-token,guardian,mattermost-access-token,,Mattermost Access Token,HIGH,SECRET,runtime-db:rule_definitions@active rule_pack_versions,Guardian Secret Detection,classpath:rules/guardian.yml,true
guardian.maxmind-license-key,guardian,maxmind-license-key,,Maxmind License Key,HIGH,SECRET,runtime-db:rule_definitions@active rule_pack_versions,Guardian Secret Detection,classpath:rules/guardian.yml,true
guardian.messagebird-api-token,guardian,messagebird-api-token,,Messagebird API Token,HIGH,SECRET,runtime-db:rule_definitions@active rule_pack_versions,Guardian Secret Detection,classpath:rules/guardian.yml,true
guardian.messagebird-client-id,guardian,messagebird-client-id,,Messagebird Client ID,HIGH,SECRET,runtime-db:rule_definitions@active rule_pack_versions,Guardian Secret Detection,classpath:rules/guardian.yml,true
guardian.microsoft-teams-webhook,guardian,microsoft-teams-webhook,,Microsoft Teams Webhook,HIGH,SECRET,runtime-db:rule_definitions@active rule_pack_versions,Guardian Secret Detection,classpath:rules/guardian.yml,true
guardian.netlify-access-token,guardian,netlify-access-token,,Netlify Access Token,HIGH,SECRET,runtime-db:rule_definitions@active rule_pack_versions,Guardian Secret Detection,classpath:rules/guardian.yml,true
guardian.new-relic-browser-api-token,guardian,new-relic-browser-api-token,,New Relic Browser API Token,HIGH,SECRET,runtime-db:rule_definitions@active rule_pack_versions,Guardian Secret Detection,classpath:rules/guardian.yml,true
guardian.new-relic-insert-key,guardian,new-relic-insert-key,,New Relic Insert Key,HIGH,SECRET,runtime-db:rule_definitions@active rule_pack_versions,Guardian Secret Detection,classpath:rules/guardian.yml,true
guardian.new-relic-user-api-id,guardian,new-relic-user-api-id,,New Relic User API ID,HIGH,SECRET,runtime-db:rule_definitions@active rule_pack_versions,Guardian Secret Detection,classpath:rules/guardian.yml,true
guardian.new-relic-user-api-key,guardian,new-relic-user-api-key,,New Relic User API Key,HIGH,SECRET,runtime-db:rule_definitions@active rule_pack_versions,Guardian Secret Detection,classpath:rules/guardian.yml,true
guardian.notion-api-token,guardian,notion-api-token,,Notion API Token,HIGH,SECRET,runtime-db:rule_definitions@active rule_pack_versions,Guardian Secret Detection,classpath:rules/guardian.yml,true
guardian.npm-access-token,guardian,npm-access-token,,NPM Access Token,HIGH,SECRET,runtime-db:rule_definitions@active rule_pack_versions,Guardian Secret Detection,classpath:rules/guardian.yml,true
guardian.nuget-config-password,guardian,nuget-config-password,,Nuget Config Password,HIGH,SECRET,runtime-db:rule_definitions@active rule_pack_versions,Guardian Secret Detection,classpath:rules/guardian.yml,true
guardian.nytimes-access-token,guardian,nytimes-access-token,,Nytimes Access Token,HIGH,SECRET,runtime-db:rule_definitions@active rule_pack_versions,Guardian Secret Detection,classpath:rules/guardian.yml,true
guardian.octopus-deploy-api-key,guardian,octopus-deploy-api-key,,Octopus Deploy API Key,HIGH,SECRET,runtime-db:rule_definitions@active rule_pack_versions,Guardian Secret Detection,classpath:rules/guardian.yml,true
guardian.okta-access-token,guardian,okta-access-token,,Okta Access Token,HIGH,SECRET,runtime-db:rule_definitions@active rule_pack_versions,Guardian Secret Detection,classpath:rules/guardian.yml,true
guardian.openai-api-key,guardian,openai-api-key,,Openai API Key,HIGH,SECRET,runtime-db:rule_definitions@active rule_pack_versions,Guardian Secret Detection,classpath:rules/guardian.yml,true
guardian.openshift-user-token,guardian,openshift-user-token,,Openshift User Token,HIGH,SECRET,runtime-db:rule_definitions@active rule_pack_versions,Guardian Secret Detection,classpath:rules/guardian.yml,true
guardian.perplexity-api-key,guardian,perplexity-api-key,,Perplexity API Key,HIGH,SECRET,runtime-db:rule_definitions@active rule_pack_versions,Guardian Secret Detection,classpath:rules/guardian.yml,true
guardian.pkcs12-file,guardian,pkcs12-file,,Pkcs12 File,CRITICAL,SECRET,runtime-db:rule_definitions@active rule_pack_versions,Guardian Secret Detection,classpath:rules/guardian.yml,true
guardian.plaid-api-token,guardian,plaid-api-token,,Plaid API Token,HIGH,SECRET,runtime-db:rule_definitions@active rule_pack_versions,Guardian Secret Detection,classpath:rules/guardian.yml,true
guardian.plaid-client-id,guardian,plaid-client-id,,Plaid Client ID,HIGH,SECRET,runtime-db:rule_definitions@active rule_pack_versions,Guardian Secret Detection,classpath:rules/guardian.yml,true
guardian.plaid-secret-key,guardian,plaid-secret-key,,Plaid Secret Key,CRITICAL,SECRET,runtime-db:rule_definitions@active rule_pack_versions,Guardian Secret Detection,classpath:rules/guardian.yml,true
guardian.planetscale-api-token,guardian,planetscale-api-token,,Planetscale API Token,HIGH,SECRET,runtime-db:rule_definitions@active rule_pack_versions,Guardian Secret Detection,classpath:rules/guardian.yml,true
guardian.planetscale-oauth-token,guardian,planetscale-oauth-token,,Planetscale OAUTH Token,HIGH,SECRET,runtime-db:rule_definitions@active rule_pack_versions,Guardian Secret Detection,classpath:rules/guardian.yml,true
guardian.planetscale-password,guardian,planetscale-password,,Planetscale Password,HIGH,SECRET,runtime-db:rule_definitions@active rule_pack_versions,Guardian Secret Detection,classpath:rules/guardian.yml,true
guardian.postman-api-token,guardian,postman-api-token,,Postman API Token,HIGH,SECRET,runtime-db:rule_definitions@active rule_pack_versions,Guardian Secret Detection,classpath:rules/guardian.yml,true
guardian.prefect-api-token,guardian,prefect-api-token,,Prefect API Token,HIGH,SECRET,runtime-db:rule_definitions@active rule_pack_versions,Guardian Secret Detection,classpath:rules/guardian.yml,true
guardian.private-key,guardian,private-key,,Private Key,CRITICAL,SECRET,runtime-db:rule_definitions@active rule_pack_versions,Guardian Secret Detection,classpath:rules/guardian.yml,true
guardian.privateai-api-token,guardian,privateai-api-token,,Privateai API Token,HIGH,SECRET,runtime-db:rule_definitions@active rule_pack_versions,Guardian Secret Detection,classpath:rules/guardian.yml,true
guardian.pulumi-api-token,guardian,pulumi-api-token,,Pulumi API Token,HIGH,SECRET,runtime-db:rule_definitions@active rule_pack_versions,Guardian Secret Detection,classpath:rules/guardian.yml,true
guardian.pypi-upload-token,guardian,pypi-upload-token,,Pypi Upload Token,HIGH,SECRET,runtime-db:rule_definitions@active rule_pack_versions,Guardian Secret Detection,classpath:rules/guardian.yml,true
guardian.rapidapi-access-token,guardian,rapidapi-access-token,,Rapidapi Access Token,HIGH,SECRET,runtime-db:rule_definitions@active rule_pack_versions,Guardian Secret Detection,classpath:rules/guardian.yml,true
guardian.readme-api-token,guardian,readme-api-token,,Readme API Token,HIGH,SECRET,runtime-db:rule_definitions@active rule_pack_versions,Guardian Secret Detection,classpath:rules/guardian.yml,true
guardian.rubygems-api-token,guardian,rubygems-api-token,,Rubygems API Token,HIGH,SECRET,runtime-db:rule_definitions@active rule_pack_versions,Guardian Secret Detection,classpath:rules/guardian.yml,true
guardian.scalingo-api-token,guardian,scalingo-api-token,,Scalingo API Token,HIGH,SECRET,runtime-db:rule_definitions@active rule_pack_versions,Guardian Secret Detection,classpath:rules/guardian.yml,true
guardian.sendbird-access-id,guardian,sendbird-access-id,,Sendbird Access ID,HIGH,SECRET,runtime-db:rule_definitions@active rule_pack_versions,Guardian Secret Detection,classpath:rules/guardian.yml,true
guardian.sendbird-access-token,guardian,sendbird-access-token,,Sendbird Access Token,HIGH,SECRET,runtime-db:rule_definitions@active rule_pack_versions,Guardian Secret Detection,classpath:rules/guardian.yml,true
guardian.sendgrid-api-token,guardian,sendgrid-api-token,,Sendgrid API Token,HIGH,SECRET,runtime-db:rule_definitions@active rule_pack_versions,Guardian Secret Detection,classpath:rules/guardian.yml,true
guardian.sendinblue-api-token,guardian,sendinblue-api-token,,Sendinblue API Token,HIGH,SECRET,runtime-db:rule_definitions@active rule_pack_versions,Guardian Secret Detection,classpath:rules/guardian.yml,true
guardian.sentry-access-token,guardian,sentry-access-token,,Sentry Access Token,HIGH,SECRET,runtime-db:rule_definitions@active rule_pack_versions,Guardian Secret Detection,classpath:rules/guardian.yml,true
guardian.sentry-org-token,guardian,sentry-org-token,,Sentry Org Token,HIGH,SECRET,runtime-db:rule_definitions@active rule_pack_versions,Guardian Secret Detection,classpath:rules/guardian.yml,true
guardian.sentry-user-token,guardian,sentry-user-token,,Sentry User Token,HIGH,SECRET,runtime-db:rule_definitions@active rule_pack_versions,Guardian Secret Detection,classpath:rules/guardian.yml,true
guardian.settlemint-application-access-token,guardian,settlemint-application-access-token,,Settlemint Application Access Token,HIGH,SECRET,runtime-db:rule_definitions@active rule_pack_versions,Guardian Secret Detection,classpath:rules/guardian.yml,true
guardian.settlemint-personal-access-token,guardian,settlemint-personal-access-token,,Settlemint Personal Access Token,HIGH,SECRET,runtime-db:rule_definitions@active rule_pack_versions,Guardian Secret Detection,classpath:rules/guardian.yml,true
guardian.settlemint-service-access-token,guardian,settlemint-service-access-token,,Settlemint Service Access Token,HIGH,SECRET,runtime-db:rule_definitions@active rule_pack_versions,Guardian Secret Detection,classpath:rules/guardian.yml,true
guardian.shippo-api-token,guardian,shippo-api-token,,Shippo API Token,HIGH,SECRET,runtime-db:rule_definitions@active rule_pack_versions,Guardian Secret Detection,classpath:rules/guardian.yml,true
guardian.shopify-access-token,guardian,shopify-access-token,,Shopify Access Token,HIGH,SECRET,runtime-db:rule_definitions@active rule_pack_versions,Guardian Secret Detection,classpath:rules/guardian.yml,true
guardian.shopify-custom-access-token,guardian,shopify-custom-access-token,,Shopify Custom Access Token,HIGH,SECRET,runtime-db:rule_definitions@active rule_pack_versions,Guardian Secret Detection,classpath:rules/guardian.yml,true
guardian.shopify-private-app-access-token,guardian,shopify-private-app-access-token,,Shopify Private App Access Token,HIGH,SECRET,runtime-db:rule_definitions@active rule_pack_versions,Guardian Secret Detection,classpath:rules/guardian.yml,true
guardian.shopify-shared-secret,guardian,shopify-shared-secret,,Shopify Shared Secret,HIGH,SECRET,runtime-db:rule_definitions@active rule_pack_versions,Guardian Secret Detection,classpath:rules/guardian.yml,true
guardian.sidekiq-secret,guardian,sidekiq-secret,,Sidekiq Secret,HIGH,SECRET,runtime-db:rule_definitions@active rule_pack_versions,Guardian Secret Detection,classpath:rules/guardian.yml,true
guardian.sidekiq-sensitive-url,guardian,sidekiq-sensitive-url,,Sidekiq Sensitive Url,HIGH,SECRET,runtime-db:rule_definitions@active rule_pack_versions,Guardian Secret Detection,classpath:rules/guardian.yml,true
guardian.slack-app-token,guardian,slack-app-token,,Slack App Token,HIGH,SECRET,runtime-db:rule_definitions@active rule_pack_versions,Guardian Secret Detection,classpath:rules/guardian.yml,true
guardian.slack-bot-token,guardian,slack-bot-token,,Slack Bot Token,HIGH,SECRET,runtime-db:rule_definitions@active rule_pack_versions,Guardian Secret Detection,classpath:rules/guardian.yml,true
guardian.slack-config-access-token,guardian,slack-config-access-token,,Slack Config Access Token,HIGH,SECRET,runtime-db:rule_definitions@active rule_pack_versions,Guardian Secret Detection,classpath:rules/guardian.yml,true
guardian.slack-config-refresh-token,guardian,slack-config-refresh-token,,Slack Config Refresh Token,HIGH,SECRET,runtime-db:rule_definitions@active rule_pack_versions,Guardian Secret Detection,classpath:rules/guardian.yml,true
guardian.slack-legacy-bot-token,guardian,slack-legacy-bot-token,,Slack Legacy Bot Token,HIGH,SECRET,runtime-db:rule_definitions@active rule_pack_versions,Guardian Secret Detection,classpath:rules/guardian.yml,true
guardian.slack-legacy-token,guardian,slack-legacy-token,,Slack Legacy Token,HIGH,SECRET,runtime-db:rule_definitions@active rule_pack_versions,Guardian Secret Detection,classpath:rules/guardian.yml,true
guardian.slack-legacy-workspace-token,guardian,slack-legacy-workspace-token,,Slack Legacy Workspace Token,HIGH,SECRET,runtime-db:rule_definitions@active rule_pack_versions,Guardian Secret Detection,classpath:rules/guardian.yml,true
guardian.slack-user-token,guardian,slack-user-token,,Slack User Token,HIGH,SECRET,runtime-db:rule_definitions@active rule_pack_versions,Guardian Secret Detection,classpath:rules/guardian.yml,true
guardian.slack-webhook-url,guardian,slack-webhook-url,,Slack Webhook Url,HIGH,SECRET,runtime-db:rule_definitions@active rule_pack_versions,Guardian Secret Detection,classpath:rules/guardian.yml,true
guardian.snyk-api-token,guardian,snyk-api-token,,Snyk API Token,HIGH,SECRET,runtime-db:rule_definitions@active rule_pack_versions,Guardian Secret Detection,classpath:rules/guardian.yml,true
guardian.sonar-api-token,guardian,sonar-api-token,,Sonar API Token,HIGH,SECRET,runtime-db:rule_definitions@active rule_pack_versions,Guardian Secret Detection,classpath:rules/guardian.yml,true
guardian.sourcegraph-access-token,guardian,sourcegraph-access-token,,Sourcegraph Access Token,HIGH,SECRET,runtime-db:rule_definitions@active rule_pack_versions,Guardian Secret Detection,classpath:rules/guardian.yml,true
guardian.square-access-token,guardian,square-access-token,,Square Access Token,HIGH,SECRET,runtime-db:rule_definitions@active rule_pack_versions,Guardian Secret Detection,classpath:rules/guardian.yml,true
guardian.squarespace-access-token,guardian,squarespace-access-token,,Squarespace Access Token,HIGH,SECRET,runtime-db:rule_definitions@active rule_pack_versions,Guardian Secret Detection,classpath:rules/guardian.yml,true
guardian.stripe-access-token,guardian,stripe-access-token,,Stripe Access Token,CRITICAL,SECRET,runtime-db:rule_definitions@active rule_pack_versions,Guardian Secret Detection,classpath:rules/guardian.yml,true
guardian.stripe-live-secret-key,guardian,stripe-live-secret-key,,Stripe Live Secret Key,CRITICAL,SECRET,runtime-db:rule_definitions@active rule_pack_versions,Guardian Secret Detection,classpath:rules/guardian.yml,true
guardian.sumologic-access-id,guardian,sumologic-access-id,,Sumologic Access ID,HIGH,SECRET,runtime-db:rule_definitions@active rule_pack_versions,Guardian Secret Detection,classpath:rules/guardian.yml,true
guardian.sumologic-access-token,guardian,sumologic-access-token,,Sumologic Access Token,HIGH,SECRET,runtime-db:rule_definitions@active rule_pack_versions,Guardian Secret Detection,classpath:rules/guardian.yml,true
guardian.telegram-bot-api-token,guardian,telegram-bot-api-token,,Telegram Bot API Token,HIGH,SECRET,runtime-db:rule_definitions@active rule_pack_versions,Guardian Secret Detection,classpath:rules/guardian.yml,true
guardian.travisci-access-token,guardian,travisci-access-token,,Travisci Access Token,HIGH,SECRET,runtime-db:rule_definitions@active rule_pack_versions,Guardian Secret Detection,classpath:rules/guardian.yml,true
guardian.twilio-api-key,guardian,twilio-api-key,,Twilio API Key,HIGH,SECRET,runtime-db:rule_definitions@active rule_pack_versions,Guardian Secret Detection,classpath:rules/guardian.yml,true
guardian.twitch-api-token,guardian,twitch-api-token,,Twitch API Token,HIGH,SECRET,runtime-db:rule_definitions@active rule_pack_versions,Guardian Secret Detection,classpath:rules/guardian.yml,true
guardian.twitter-access-secret,guardian,twitter-access-secret,,Twitter Access Secret,HIGH,SECRET,runtime-db:rule_definitions@active rule_pack_versions,Guardian Secret Detection,classpath:rules/guardian.yml,true
guardian.twitter-access-token,guardian,twitter-access-token,,Twitter Access Token,HIGH,SECRET,runtime-db:rule_definitions@active rule_pack_versions,Guardian Secret Detection,classpath:rules/guardian.yml,true
guardian.twitter-api-key,guardian,twitter-api-key,,Twitter API Key,HIGH,SECRET,runtime-db:rule_definitions@active rule_pack_versions,Guardian Secret Detection,classpath:rules/guardian.yml,true
guardian.twitter-api-secret,guardian,twitter-api-secret,,Twitter API Secret,HIGH,SECRET,runtime-db:rule_definitions@active rule_pack_versions,Guardian Secret Detection,classpath:rules/guardian.yml,true
guardian.twitter-bearer-token,guardian,twitter-bearer-token,,Twitter Bearer Token,HIGH,SECRET,runtime-db:rule_definitions@active rule_pack_versions,Guardian Secret Detection,classpath:rules/guardian.yml,true
guardian.typeform-api-token,guardian,typeform-api-token,,Typeform API Token,HIGH,SECRET,runtime-db:rule_definitions@active rule_pack_versions,Guardian Secret Detection,classpath:rules/guardian.yml,true
guardian.vault-batch-token,guardian,vault-batch-token,,Vault Batch Token,HIGH,SECRET,runtime-db:rule_definitions@active rule_pack_versions,Guardian Secret Detection,classpath:rules/guardian.yml,true
guardian.vault-service-token,guardian,vault-service-token,,Vault Service Token,HIGH,SECRET,runtime-db:rule_definitions@active rule_pack_versions,Guardian Secret Detection,classpath:rules/guardian.yml,true
guardian.yandex-access-token,guardian,yandex-access-token,,Yandex Access Token,HIGH,SECRET,runtime-db:rule_definitions@active rule_pack_versions,Guardian Secret Detection,classpath:rules/guardian.yml,true
guardian.yandex-api-key,guardian,yandex-api-key,,Yandex API Key,HIGH,SECRET,runtime-db:rule_definitions@active rule_pack_versions,Guardian Secret Detection,classpath:rules/guardian.yml,true
guardian.yandex-aws-access-token,guardian,yandex-aws-access-token,,Yandex AWS Access Token,HIGH,SECRET,runtime-db:rule_definitions@active rule_pack_versions,Guardian Secret Detection,classpath:rules/guardian.yml,true
guardian.zendesk-secret-key,guardian,zendesk-secret-key,,Zendesk Secret Key,CRITICAL,SECRET,runtime-db:rule_definitions@active rule_pack_versions,Guardian Secret Detection,classpath:rules/guardian.yml,true
